<?xml version="1.0" encoding="UTF-8" ?>
<!DOCTYPE struts PUBLIC
	"-//Apache Software Foundation//DTD Struts Configuration 2.3//EN"
	"http://struts.apache.org/dtds/struts-2.3.dtd">

<struts>

    <package name="default" namespace="/" extends="struts-default">
	    
	    <action name="login" class="loginAction" method="login">
	    		<result name="success" >test.jsp</result>
	    		<result name="fail">login.jsp</result>
	    </action>
	    <action name="good_findall" class="goodAction" method="findall">
	    		<result name="success" >test.jsp</result>
	    		<result name="fail">login.jsp</result>
	    </action>
	    <action name="login_ifSeller" class="loginAction" method="ifSeller">
	    		<result name="yes" type="redirectAction">good_search</result>
	    		<result name="no">user_signseller.jsp</result>
	    </action>
	    <action name="login_isSeller" class="loginAction" method="isSeller">
	    		<result name="success" type="redirectAction">good_search</result>
	    </action>
	    <action name="good_search" class="goodAction" method="search">
	    		<result name="success" type="redirectAction">good_manage.jsp</result>
	    </action>	    
	 </package>

</struts>