<?xml version="1.0" encoding="utf-8"?>
<!DOCTYPE hibernate-configuration PUBLIC
"-//Hibernate/Hibernate Configuration DTD 3.0//EN"
"http://www.hibernate.org/dtd/hibernate-configuration-3.0.dtd">
<hibernate-configuration>
    <session-factory>
	<!-- 必须去配置的属性 -->
	<!-- 配置数据库连接的基本信息: -->
	<property name="hibernate.connection.driver_class">
		com.mysql.jdbc.Driver
	</property>
	<property name="hibernate.connection.url">
		jdbc:mysql:///mall?useUnicode=true&amp;characterEncoding=utf-8
	</property>
	<property name="hibernate.connection.username">root</property>
	<property name="hibernate.connection.password"></property>
	<!-- Hibernate的方言 -->
	<!-- 生成底层SQL不同的 -->
	<property name="hibernate.dialect">
		org.hibernate.dialect.MySQLDialect
	</property>

	<!-- 可选的属性 -->
	<!-- 显示SQL -->
	<property name="hibernate.show_sql">false</property>
	<!-- 格式化SQL -->
	<property name="hibernate.format_sql">true</property>
	
	<property name="hibernate.connection.autocommit">false</property>
	<!-- hbm:映射 to DDL: create drop alter -->
	<property name="hibernate.hbm2ddl.auto">update</property>

	<!-- C3P0连接池设定-->
	<!-- 使用c3po连接池  配置连接池提供的供应商-->
	<property name="connection.provider_class">org.hibernate.connection.C3P0ConnectionProvider                                                                                                                                                     </property>
	
	<!--在连接池中可用的数据库连接的最少数目 -->
	<property name="c3p0.min_size">5</property>
	<!--在连接池中所有数据库连接的最大数目  -->
	<property name="c3p0.max_size">20</property>
	<!--设定数据库连接的过期时间,以秒为单位,
	如果连接池中的某个数据库连接处于空闲状态的时间超过了timeout时间,就会从连接池中清除 -->
	<property name="c3p0.timeout">120</property>
	 <!--每3000秒检查所有连接池中的空闲连接 以秒为单位-->
	<property name="c3p0.idle_test_period">3000</property>

	<!-- 通知Hibernate加载那些映射文件 -->

        <mapping resource="com/hbboys/app/domain/Order.hbm.xml" />
        <mapping resource="com/hbboys/app/domain/Good.hbm.xml" />
        <mapping resource="com/hbboys/app/domain/User.hbm.xml" />
    </session-factory>
</hibernate-configuration>
