<?xml version="1.0" encoding="utf-8"?>
<!DOCTYPE hibernate-configuration PUBLIC
"-//Hibernate/Hibernate Configuration DTD 3.0//EN"
"http://www.hibernate.org/dtd/hibernate-configuration-3.0.dtd">
<hibernate-configuration>
    <session-factory>
        <property name="hibernate.bytecode.use_reflection_optimizer">false</property>
        <property name="hibernate.c3p0.idle_test_period">3000</property>
        <property name="hibernate.c3p0.max_size">20</property>
        <property name="hibernate.c3p0.min_size">5</property>
        <property name="hibernate.c3p0.timeout">120</property>
        <property name="hibernate.connection.autocommit">false</property>
        <property name="hibernate.connection.driver_class">com.mysql.jdbc.Driver</property>
        <property name="hibernate.connection.password"></property>
        <property name="hibernate.connection.provider_class">org.hibernate.connection.C3P0ConnectionProvider</property>
        <property name="hibernate.connection.url">jdbc:mysql:///mall?useUnicode=true&amp;characterEncoding=utf-8</property>
        <property name="hibernate.connection.username">root</property>
        <property name="hibernate.dialect">org.hibernate.dialect.MySQLDialect</property>
        <property name="hibernate.format_sql">true</property>
        <property name="hibernate.search.autoregister_listeners">true</property>
        <property name="hibernate.show_sql">false</property>
        <property name="hibernate.validator.apply_to_ddl">false</property>
        <mapping resource="com/hbboys/app/domain/Order.hbm.xml" />
        <mapping resource="com/hbboys/app/domain/Good.hbm.xml" />
        <mapping resource="com/hbboys/app/domain/User.hbm.xml" />
    </session-factory>
</hibernate-configuration>
